{"cameraMode":{"drawMode":0,"name":"Shaded","section":"Shading Mode"},"sceneLighting":false,"audioPlay":false,"sceneViewState":{"m_AlwaysRefresh":false,"showFog":true,"showSkybox":false,"showFlares":true,"showImageEffects":true,"showParticleSystems":true,"showVisualEffectGraphs":true,"m_FxEnabled":true},"in2DMode":false,"pivot":{"x":-0.27620935440063479,"y":0.38130277395248415,"z":-1.1785948276519776},"rotation":{"x":-0.24910449981689454,"y":0.21427035331726075,"z":-0.05661941319704056,"w":-0.9428285360336304},"size":1.5315691232681275,"orthographic":false}