{"cameraMode":{"drawMode":0,"name":"Shaded","section":"Shading Mode"},"sceneLighting":false,"audioPlay":false,"sceneViewState":{"m_AlwaysRefresh":false,"showFog":true,"showSkybox":false,"showFlares":true,"showImageEffects":true,"showParticleSystems":true,"showVisualEffectGraphs":true,"m_FxEnabled":true},"in2DMode":false,"pivot":{"x":-0.022074729204177858,"y":0.03886236250400543,"z":0.002656713128089905},"rotation":{"x":-0.30757734179496767,"y":0.1510125994682312,"z":-0.04950938746333122,"w":-0.9381587505340576},"size":0.050270069390535358,"orthographic":false}