{"cameraMode":{"drawMode":0,"name":"Shaded","section":"Shading Mode"},"sceneLighting":false,"audioPlay":false,"sceneViewState":{"m_AlwaysRefresh":false,"showFog":true,"showSkybox":false,"showFlares":true,"showImageEffects":true,"showParticleSystems":true,"showVisualEffectGraphs":true,"m_FxEnabled":true},"in2DMode":false,"pivot":{"x":2.003434181213379,"y":1.2467972040176392,"z":0.48522472381591799},"rotation":{"x":-0.019354166463017465,"y":-0.969778835773468,"z":0.0819554552435875,"w":-0.22900594770908357},"size":1.7240149974822999,"orthographic":false}