{"cameraMode":{"drawMode":0,"name":"Shaded","section":"Shading Mode"},"sceneLighting":false,"audioPlay":false,"sceneViewState":{"m_AlwaysRefresh":false,"showFog":true,"showSkybox":false,"showFlares":true,"showImageEffects":true,"showParticleSystems":true,"showVisualEffectGraphs":true,"m_FxEnabled":true},"in2DMode":false,"pivot":{"x":-0.5990889072418213,"y":2.7476487159729006,"z":-1.1303071975708008},"rotation":{"x":-0.20950384438037873,"y":0.08114755153656006,"z":-0.01744893565773964,"w":-0.9742802381515503},"size":1.0618562698364258,"orthographic":false}