{"cameraMode":{"drawMode":0,"name":"Shaded","section":"Shading Mode"},"sceneLighting":false,"audioPlay":false,"sceneViewState":{"m_AlwaysRefresh":false,"showFog":true,"showSkybox":false,"showFlares":true,"showImageEffects":true,"showParticleSystems":true,"showVisualEffectGraphs":true,"m_FxEnabled":true},"in2DMode":false,"pivot":{"x":1.5953751802444459,"y":1.0697654485702515,"z":-0.5331534147262573},"rotation":{"x":0.012843427248299122,"y":-0.9870995879173279,"z":0.10733228921890259,"w":0.1181282252073288},"size":1.0513383150100709,"orthographic":false}