{"cameraMode":{"drawMode":0,"name":"Shaded","section":"Shading Mode"},"sceneLighting":false,"audioPlay":false,"sceneViewState":{"m_AlwaysRefresh":false,"showFog":true,"showSkybox":false,"showFlares":true,"showImageEffects":true,"showParticleSystems":true,"showVisualEffectGraphs":true,"m_FxEnabled":true},"in2DMode":false,"pivot":{"x":15.279999732971192,"y":0.7200000286102295,"z":3.390000104904175},"rotation":{"x":-0.3956438899040222,"y":-0.013224003836512566,"z":0.005707536358386278,"w":-0.9183024764060974},"size":4.302003383636475,"orthographic":false}