{"cameraMode":{"drawMode":0,"name":"Shaded","section":"Shading Mode"},"sceneLighting":false,"audioPlay":false,"sceneViewState":{"m_AlwaysRefresh":false,"showFog":true,"showSkybox":false,"showFlares":true,"showImageEffects":true,"showParticleSystems":true,"showVisualEffectGraphs":true,"m_FxEnabled":true},"in2DMode":false,"pivot":{"x":1.0675406455993653,"y":5.246622085571289,"z":-0.4844406247138977},"rotation":{"x":0.0054518962278962139,"y":0.9907673597335815,"z":-0.12883438169956208,"w":0.041936054825782779},"size":4.279025554656982,"orthographic":false}