{"cameraMode":{"drawMode":0,"name":"Shaded","section":"Shading Mode"},"sceneLighting":false,"audioPlay":false,"sceneViewState":{"m_AlwaysRefresh":false,"showFog":true,"showSkybox":false,"showFlares":true,"showImageEffects":true,"showParticleSystems":true,"showVisualEffectGraphs":true,"m_FxEnabled":true},"in2DMode":false,"pivot":{"x":0.028638601303100587,"y":0.9507836103439331,"z":0.2551344931125641},"rotation":{"x":0.36224767565727236,"y":0.08540469408035279,"z":-0.033345747739076617,"w":0.9275951385498047},"size":1.5368331670761109,"orthographic":false}