{"cameraMode":{"drawMode":0,"name":"Shaded","section":"Shading Mode"},"sceneLighting":false,"audioPlay":false,"sceneViewState":{"m_AlwaysRefresh":false,"showFog":true,"showSkybox":false,"showFlares":true,"showImageEffects":true,"showParticleSystems":true,"showVisualEffectGraphs":true,"m_FxEnabled":true},"in2DMode":false,"pivot":{"x":0.0029999911785125734,"y":-0.014999985694885254,"z":0.6970000267028809},"rotation":{"x":-0.20950384438037873,"y":0.08114755153656006,"z":-0.01744893565773964,"w":-0.9742802381515503},"size":0.49507567286491396,"orthographic":false}