{"cameraMode":{"drawMode":0,"name":"Shaded","section":"Shading Mode"},"sceneLighting":false,"audioPlay":false,"sceneViewState":{"m_AlwaysRefresh":false,"showFog":true,"showSkybox":false,"showFlares":true,"showImageEffects":true,"showParticleSystems":true,"showVisualEffectGraphs":true,"m_FxEnabled":true},"in2DMode":false,"pivot":{"x":1044.161865234375,"y":628.4678955078125,"z":1.309661865234375},"rotation":{"x":-0.012309229001402855,"y":-0.0024024276062846185,"z":0.000029608345357701182,"w":-0.9999228715896606},"size":682.2489013671875,"orthographic":false}