{"cameraMode":{"drawMode":0,"name":"Shaded","section":"Shading Mode"},"sceneLighting":false,"audioPlay":false,"sceneViewState":{"m_AlwaysRefresh":false,"showFog":true,"showSkybox":false,"showFlares":true,"showImageEffects":true,"showParticleSystems":true,"showVisualEffectGraphs":true,"m_FxEnabled":true},"in2DMode":false,"pivot":{"x":-0.7733615040779114,"y":1.3534445762634278,"z":1.9117622375488282},"rotation":{"x":0.0244536604732275,"y":0.9736583232879639,"z":-0.12660975754261018,"w":0.18806323409080506},"size":0.3315383493900299,"orthographic":false}