{"cameraMode":{"drawMode":0,"name":"Shaded","section":"Shading Mode"},"sceneLighting":false,"audioPlay":false,"sceneViewState":{"m_AlwaysRefresh":false,"showFog":true,"showSkybox":false,"showFlares":true,"showImageEffects":true,"showParticleSystems":true,"showVisualEffectGraphs":true,"m_FxEnabled":true},"in2DMode":false,"pivot":{"x":-0.04263341426849365,"y":0.11653563380241394,"z":0.0626065731048584},"rotation":{"x":-0.2171647995710373,"y":0.5429001450538635,"z":-0.1478055715560913,"w":-0.7976602911949158},"size":0.8783976435661316,"orthographic":false}