{"cameraMode":{"drawMode":0,"name":"Shaded","section":"Shading Mode"},"sceneLighting":false,"audioPlay":false,"sceneViewState":{"m_AlwaysRefresh":false,"showFog":true,"showSkybox":false,"showFlares":true,"showImageEffects":true,"showParticleSystems":true,"showVisualEffectGraphs":true,"m_FxEnabled":true},"in2DMode":false,"pivot":{"x":0.2506713271141052,"y":2.307727336883545,"z":5.451656341552734},"rotation":{"x":-0.03152618929743767,"y":0.959260880947113,"z":-0.11888843774795532,"w":-0.25436028838157656},"size":0.002831918653100729,"orthographic":false}