{"cameraMode":{"drawMode":0,"name":"Shaded","section":"Shading Mode"},"sceneLighting":false,"audioPlay":false,"sceneViewState":{"m_AlwaysRefresh":false,"showFog":true,"showSkybox":false,"showFlares":true,"showImageEffects":true,"showParticleSystems":true,"showVisualEffectGraphs":true,"m_FxEnabled":true},"in2DMode":false,"pivot":{"x":-8.640083312988282,"y":18.848976135253908,"z":1.064095377922058},"rotation":{"x":0.21216338872909547,"y":-0.2655200958251953,"z":0.060023680329322818,"w":0.9385893940925598},"size":1.2709369659423829,"orthographic":false}