{"cameraMode":{"drawMode":0,"name":"Shaded","section":"Shading Mode"},"sceneLighting":false,"audioPlay":false,"sceneViewState":{"m_AlwaysRefresh":false,"showFog":true,"showSkybox":false,"showFlares":true,"showImageEffects":true,"showParticleSystems":true,"showVisualEffectGraphs":true,"m_FxEnabled":true},"in2DMode":false,"pivot":{"x":2.3288230895996095,"y":1.2220180034637452,"z":1.5263738632202149},"rotation":{"x":-0.021807650104165078,"y":0.9668734669685364,"z":-0.23846553266048432,"w":-0.08842337131500244},"size":1.4893194437026978,"orthographic":false}