{"cameraMode":{"drawMode":0,"name":"Shaded","section":"Shading Mode"},"sceneLighting":false,"audioPlay":false,"sceneViewState":{"m_AlwaysRefresh":false,"showFog":true,"showSkybox":false,"showFlares":true,"showImageEffects":true,"showParticleSystems":true,"showVisualEffectGraphs":true,"m_FxEnabled":true},"in2DMode":false,"pivot":{"x":736.2620849609375,"y":402.8116455078125,"z":-0.140380859375},"rotation":{"x":-0.012309229001402855,"y":-0.0024024276062846185,"z":0.000029608345357701182,"w":-0.9999228715896606},"size":219.87864685058595,"orthographic":false}